{
  "format_version": "1.10.0",
  "minecraft:attachable": {
    "description": {
      "identifier": "minecraft:bamboo_fence",
      "materials": {
        "default": "entity_alphatest",
        "enchanted": "entity_alphatest_glint"
      },
      "textures": {
        "default": "textures/blocks/bamboo_planks"
      },
      "geometry": {
        "default": "geometry.fence",
        "offhand": "geometry.fence_offhand"
      },
      "animations": {
        "1st": "animation.block.first_person",
        "3rd":"animation.block.third_person",
        "head":"animation.block.block_on_head",

        "1st_offhand": "animation.block_offhand.first_person",
        "3rd_offhand":"animation.block_offhand.third_person"
      },
      "scripts": {
				"animate": [
					{
						"1st": "c.is_first_person"
					},
					{
						"3rd": "!c.is_first_person && c.item_slot!='head'"
					},
          {
            "head":"c.item_slot=='head'"
          },
          
          { "1st_offhand": "c.is_first_person && query.get_equipped_item_name('off_hand') == 'bamboo_fence'" },
          { "3rd_offhand": "!c.is_first_person && query.get_equipped_item_name('off_hand') == 'bamboo_fence'" }
				]
			},
      "render_controllers": [
        {"controller.render.item_default": "query.get_equipped_item_name(0, 1) == 'bamboo_fence'"},
        {"controller.render.item_default_offhand": "query.get_equipped_item_name('off_hand') == 'bamboo_fence'"},
        {"controller.render.block_on_head_1st": "c.is_first_person"}
      ]
    }
  }
}