{
  "format_version": "1.10.0",
  "minecraft:attachable": {
    "description": {
      "identifier": "minecraft:creeper_head",
      "materials": {
        "default": "entity_alphatest",
        "enchanted": "entity_alphatest_glint"
      },
      "textures": {
        "default": "textures/entity/creeper/creeper"
      },
      "geometry": {
        "default": "geometry.skull"
      },
      "animations": {
        "1st": "animation.skull.first_person_skull",
        "3rd": "animation.skull.third_person_skull",
        "head": "animation.skull.skull_on_head"
      },
      "scripts": {
				"animate": [
					{
						"1st": "c.is_first_person"
					},
					{
						"3rd": "!c.is_first_person && c.item_slot!='head'"
					},
          {
            "head":"c.item_slot=='head'"
          }
				]
			},
      "render_controllers": [
        "controller.render.item_default"
      ]
    }
  }
}