{
  "format_version": "1.10.0",
  "minecraft:attachable": {
    "description": {
      "identifier": "minecraft:crimson_stem",
      "materials": {
        "default": "entity_alphatest",
        "enchanted": "entity_alphatest_glint"
      },
      "textures": {
        "default": "textures/block_items/animated/crimson_log/crimson_log_1",
        "block_1": "textures/block_items/animated/crimson_log/crimson_log_1",
        "block_2": "textures/block_items/animated/crimson_log/crimson_log_2",
        "block_3": "textures/block_items/animated/crimson_log/crimson_log_3",
        "block_4": "textures/block_items/animated/crimson_log/crimson_log_4",
        "block_5": "textures/block_items/animated/crimson_log/crimson_log_5"
      },
      "geometry": {
        "default": "geometry.block",
        "block_1": "geometry.block",
        "block_2": "geometry.block",
        "block_3": "geometry.block",
        "block_4": "geometry.block",
        "block_5": "geometry.block",

        "offhand": "geometry.block_offhand",
        "block_offhand_1": "geometry.block_offhand",
        "block_offhand_2": "geometry.block_offhand",
        "block_offhand_3": "geometry.block_offhand",
        "block_offhand_4": "geometry.block_offhand",
        "block_offhand_5": "geometry.block_offhand"
      },
      "animations": {
        "1st": "animation.block.first_person",
        "3rd":"animation.block.third_person",
        "head":"animation.block.block_on_head",

        "1st_offhand": "animation.block_offhand.first_person",
        "3rd_offhand":"animation.block_offhand.third_person"
      },
      "scripts": {
				"animate": [
					{
						"1st": "c.is_first_person"
					},
					{
						"3rd": "!c.is_first_person && c.item_slot!='head'"
					},
          {
            "head":"c.item_slot=='head'"
          },
          
          { "1st_offhand": "c.is_first_person && query.get_equipped_item_name('off_hand') == 'crimson_stem'" },
          { "3rd_offhand": "!c.is_first_person && query.get_equipped_item_name('off_hand') == 'crimson_stem'" }
				]
			},
      "render_controllers": [
        {"controller.render.item_default": "v.is_enchanted && query.get_equipped_item_name(0, 1) == 'crimson_stem'"},
        {"controller.render.crimson_stem": "!v.is_enchanted && query.get_equipped_item_name(0, 1) == 'crimson_stem'"},
        {"controller.render.item_default_offhand": "v.is_enchanted && query.get_equipped_item_name('off_hand') == 'crimson_stem'"},
        {"controller.render.crimson_stem_offhand": "!v.is_enchanted && query.get_equipped_item_name('off_hand') == 'crimson_stem'"},
        {"controller.render.block_on_head_1st": "c.is_first_person"}
      ]
    }
  }
}