{
  "format_version": "1.10.0",
  "minecraft:attachable": {
    "description": {
      "identifier": "minecraft:magma",
      "materials": {
        "default": "entity_alphatest",
        "enchanted": "entity_alphatest_glint"
      },
      "textures": {
        "default": "textures/block_items/animated/magma/magma_1",
        "block16_1": "textures/block_items/animated/magma/magma_1",
        "block16_2": "textures/block_items/animated/magma/magma_2",
        "block16_3": "textures/block_items/animated/magma/magma_3"
      },
      "geometry": {
        "default": "geometry.block16",
        "block16_1": "geometry.block16_1",
        "block16_2": "geometry.block16_2",
        "block16_3": "geometry.block16_3",

        "offhand": "geometry.block16_offhand",
        "block16_offhand_1": "geometry.block16_offhand_1",
        "block16_offhand_2": "geometry.block16_offhand_2",
        "block16_offhand_3": "geometry.block16_offhand_3"
      },
      "animations": {
        "1st": "animation.block.first_person",
        "3rd":"animation.block.third_person",
        "head":"animation.block.block_on_head",

        "1st_offhand": "animation.block_offhand.first_person",
        "3rd_offhand":"animation.block_offhand.third_person"
      },
      "scripts": {
				"animate": [
					{
						"1st": "c.is_first_person"
					},
					{
						"3rd": "!c.is_first_person && c.item_slot!='head'"
					},
          {
            "head":"c.item_slot=='head'"
          },
          
          { "1st_offhand": "c.is_first_person && query.get_equipped_item_name('off_hand') == 'magma'" },
          { "3rd_offhand": "!c.is_first_person && query.get_equipped_item_name('off_hand') == 'magma'" }
				]
			},
      "render_controllers": [
        {"controller.render.item_default": "v.is_enchanted && query.get_equipped_item_name(0, 1) == 'magma'"},
        {"controller.render.magma": "!v.is_enchanted && query.get_equipped_item_name(0, 1) == 'magma'"},
        {"controller.render.item_default_offhand": "v.is_enchanted && query.get_equipped_item_name('off_hand') == 'magma'"},
        {"controller.render.magma_offhand": "!v.is_enchanted && query.get_equipped_item_name('off_hand') == 'magma'"},
        {"controller.render.block_on_head_1st": "c.is_first_person"}
      ]
    }
  }
}