{
	"format_version": "1.10.0",
	"animations": {
		"animation.bow_offhand.wield": {
			"loop": true,
			"bones": {
				"leftitem": {
					"rotation": [
						"q.has_cape ? (c.is_first_person ? 38.0 : 0.0) : (c.is_first_person ? 38.0 : 0.0)",
						"q.has_cape ? (c.is_first_person ? -120.0 : 0.0) : (c.is_first_person ? 120.0 : 0.0)",
						"q.has_cape ? (c.is_first_person ? -63.0 : 0.0) : (c.is_first_person ? 63.0 : 0.0)"
					],
					"position": [
						"q.has_cape ? (c.is_first_person ? -5.5 : 0.5) : (c.is_first_person ? 5.5 : -3.5)",
						"q.has_cape ? (c.is_first_person ? 18.0 : 21.5) : (c.is_first_person ? 18.0 : 21.5)",
						"q.has_cape ? (c.is_first_person ? 0.0 : 1.0) : (c.is_first_person ? 0.0 : 1.0)"
					]
				}
			}
		}
	}
}
