{
	"format_version": "1.8.0",
	"animations": {
		"animation.eatinganimation.consumable_offhand.position": {
			"loop": true,
			"bones": {
				"leftitem": {
					"rotation": [
						"c.is_first_person ? (q.has_cape ? 48.0 : 48.0) : q.has_cape ? 200.0 : 200.0",
						"c.is_first_person ? (q.has_cape ? -120.0 : 120.0) : q.has_cape ? 10.0 : -10.0",
						"c.is_first_person ? (q.has_cape ? -63.0 : 63.0) : q.has_cape ? 90.0 : -90.0"
					],
					"position": [
						"c.is_first_person ? (q.has_cape ? -5.5 : 5.5) : q.has_cape ? 8.5 : -8.5",
						"c.is_first_person ? (q.has_cape ? 22.5 : 22.5) : q.has_cape ? 24 : 24.5",
						"c.is_first_person ? (q.has_cape ? -5.0 : -5.0) : q.has_cape ? -8 : -8"
					],
					"scale": "c.is_first_person ? 0.45 : 0.55"
				}
			}
		}
	}
}
