{
	"format_version": "1.8.0",
	"animations": {
		"animation.spear_offhand.held_first_person": {
			"loop": true,
			"bones": {
				"leftitem": {
					"rotation": [
						0,
						0,
						"q.has_cape ? -20.0 + c.owning_entity->v.fp_melee_spear_use_attachable_rotation_z + c.owning_entity->v.fp_melee_spear_attack_attachable_rotation_z : 20.0 + c.owning_entity->v.fp_melee_spear_use_attachable_rotation_z + c.owning_entity->v.fp_melee_spear_attack_attachable_rotation_z"
					],
					"position": [0, "q.has_cape ? 24 : 24", "q.has_cape ? -27 : -27"],
					"scale": [0.6, 1, 1]
				}
			}
		},
		"animation.spear_offhand.held_third_person": {
			"loop": true,
			"bones": {
				"leftitem": {
					"rotation": [
						0,
						0,
						"q.has_cape ? c.owning_entity->v.tp_melee_spear_use_attachable_rotation_z : c.owning_entity->v.tp_melee_spear_use_attachable_rotation_z"
					],
					"position": [
						"-query.has_cape ? 0.5 : -0",
						22.5,
						"q.has_cape ? -28.5 + c.owning_entity->v.tp_melee_spear_attack_attachable_position_z : -28.5 + c.owning_entity->v.tp_melee_spear_attack_attachable_position_z"
					],
					"scale": [0.6, 1, 1]
				}
			}
		}
	}
}
