{
	"format_version": "1.10.0",
	"animations": {
		"animation.trident_offhand.wield_first_person": {
			"loop": true,
			"bones": {
				"pole_offhand": {
					"rotation": ["q.has_cape ? 152 : 152", "q.has_cape ? -9 : 9", "q.has_cape ? 25 : -25"],
					"position": [
						"q.has_cape ? -4 : 4",
						"q.has_cape ? -3 : -3",
						"q.has_cape ? -2 : -2"
					]
				}
			}
		},
		"animation.trident_offhand.wield_third_person": {
			"loop": true,
			"bones": {
				"pole_offhand": {
					"rotation": ["q.has_cape ? 97 : 97", "q.has_cape ? -1.5 : 1.5", "q.has_cape ? -49 : 49"],
					"position": ["q.has_cape ? 1 : -1", "q.has_cape ? -2 : -2", "q.has_cape ? -12 : -12"]
				}
			}
		}
	}
}
