{
	"format_version": "1.8.0",
	"animations": {
		"animation.block.third_person": {
			"loop": true,
			"bones": {
				"block": {
					"rotation": ["q.has_cape ? 20.53628 : 20.53628", "q.has_cape ? 40.96653 : -40.96653", "q.has_cape ? 13.74276 : -13.74276"],
					"position": ["q.has_cape ? 1 : -1", "q.has_cape ? 11 : 11", "q.has_cape ? -4 : -4"],
					"scale": 0.4
				},
				"enchanting_book": {
					"rotation": [0, "query.camera_rotation(1)", 0]
				},
				"oak_shelf_mainhand": {
					"rotation": ["q.has_cape ? 20.53628 : 20.53628", "q.has_cape ? 40.96653 : -40.96653", "q.has_cape ? 13.74276 : -13.74276"],
					"position": ["q.has_cape ? 1 : -1", "q.has_cape ? 11 : 11", "q.has_cape ? -4 : -4"],
					"scale": 0.4
				},
				"shelf_rotation": {
					"rotation": [0, "q.has_cape ? 180 : 0", 0]
				}
			}
		},
		"animation.block.first_person": {
			"loop": true,
			"bones": {
				"block": {
					"rotation": ["q.has_cape ? -569.6223 : -569.6223", "q.has_cape ? 28.03825 : -28.03825", "q.has_cape ? -1159.27911 : 1159.27911"],
					"position": ["q.has_cape ? 1.67531 : -1.67531", "q.has_cape ? 20.99612 : 20.99612", "q.has_cape ? -1.69316 : -1.69316"],
					"scale": 0.3
				},
				"top": {
					"relative_to": {
						"rotation": "entity"
					},
					"rotation": [0, 0, 0.01]
				},
				"enchanting_book": {
					"rotation": [0, "query.camera_rotation(1)", 0]
				},
				"beacon": {
					"rotation": [0, "q.has_cape ? 90 : 0", 0]
				},
				"chest": {
					"rotation": [0, "q.has_cape ? 180 : 0", 0]
				},
				"stair": {
					"rotation": [0, "q.has_cape ? 180 : 0", 0]
				},
				"oak_shelf_mainhand": {
					"rotation": ["q.has_cape ? -569.6223 : -569.6223", "q.has_cape ? 28.03825 : -28.03825", "q.has_cape ? -1159.27911 : 1159.27911"],
					"position": ["q.has_cape ? 1.67531 : -1.67531", "q.has_cape ? 20.99612 : 20.99612", "q.has_cape ? -1.69316 : -1.69316"],
					"scale": 0.3
				},
				"shelf_rotation": {
					"rotation": [0, "q.has_cape ? 180 : 0", 0]
				}
			}
		},
		"animation.block.block_on_head": {
			"loop": true,
			"bones": {
				"block": {
					"position": [0, 23, 0],
					"scale": 0.65
				},
				"enchanting_book": {
					"rotation": [0, "query.camera_rotation(1)", 0]
				}
			}
		},
		"animation.conduit.spiral": {
			"loop": true
		},
		"animation.chest.open_1st": {
			"loop": true
		},
		"animation.chest.close_1st": {
			"loop": true
		},
		"animation.banner.block_on_body": {
			"loop": true,
			"bones": {
				"block": {
					"position": [0, 32, 5],
					"scale": 0.65
				}
			}
		},
		"animation.rod.third_person": {
			"loop": true,
			"bones": {
				"block": {
					"rotation": ["q.has_cape ? 81.02431 : 81.02431", "q.has_cape ? 11.78362 : -11.78362", "q.has_cape ? 44.96905 : -44.96905"],
					"position": ["q.has_cape ? -1 : 1", "q.has_cape ? 13.44949 : 13.44949", "q.has_cape ? 0.41421 : 0.41421"],
					"scale": 0.4
				}
			}
		},
		"animation.skull.first_person_skull": {
			"loop": true,
			"bones": {
				"block": {
					"rotation": ["q.has_cape ? -677.13528 : -677.13528", "q.has_cape ? 50.10991 : -50.10991", "q.has_cape ? -1288.8599 : 1288.8599"],
					"position": ["q.has_cape ? 2.76945 : -2.76945", "q.has_cape ? 14.3737 : 14.3737", "q.has_cape ? 2.01605 : 2.01605"],
					"scale": 0.7
				}
			}
		},
		"animation.skull.third_person_skull": {
			"loop": true,
			"bones": {
				"block": {
					"rotation": ["q.has_cape ? 20.53628 : 20.53628", "q.has_cape ? 40.96653 : -40.96653", "q.has_cape ? 13.74276 : -13.74276"],
					"position": ["q.has_cape ? 0 : 0", "q.has_cape ? 13 : 13", "q.has_cape ? -2 : -2"],
					"scale": 0.6
				}
			}
		},
		"animation.skull.skull_on_head": {
			"loop": true,
			"bones": {
				"block": {
					"position": [0, 23.5, 0],
					"scale": 1.15
				}
			}
		},
		"animation.head_of_a_dragon.first_person_dragon_head": {
			"loop": true,
			"bones": {
				"block": {
					"rotation": ["q.has_cape ? -677.13528 : -677.13528", "q.has_cape ? 50.10991 : -50.10991", "q.has_cape ? -1288.8599 : 1288.8599"],
					"position": ["q.has_cape ? 2.76945 : -2.76945", "q.has_cape ? 14.3737 : 14.3737", "q.has_cape ? 2.01605 : 2.01605"],
					"scale": 0.5
				}
			}
		},
		"animation.head_of_a_dragon.third_person_dragon_head": {
			"loop": true,
			"bones": {
				"block": {
					"rotation": ["q.has_cape ? 20.53628 : 20.53628", "q.has_cape ? 40.96653 : -40.96653", "q.has_cape ? 13.74276 : -13.74276"],
					"position": ["q.has_cape ? 0 : 0", "q.has_cape ? 13 : 13", "q.has_cape ? -2 : -2"],
					"scale": 0.35
				}
			}
		},
		"animation.head_of_a_dragon.dragon_head_on_head": {
			"loop": true,
			"bones": {
				"block": {
					"position": [0, 23.5, 0],
					"scale": 0.65
				},
				"jaw": {
					"rotation": ["math.lerp(0.0, math.cos(query.modified_distance_moved * 30.0) * 15.0, variable.query.cape_flap_amount)", 0, 0]
				}
			}
		},
		"animation.head_of_a_piglin.piglin_head_on_head": {
			"loop": true,
			"bones": {
				"block": {
					"position": [0, 23.5, 0],
					"scale": 1.15
				},
				"leftear": {
					"rotation": [0, 0, "math.lerp(0.0, math.cos(query.modified_distance_moved * 30.0) * -15.0, variable.query.cape_flap_amount)"]
				},
				"rightear": {
					"rotation": [0, 0, "math.lerp(0.0, math.cos(query.modified_distance_moved * 30.0) * 15.0, variable.query.cape_flap_amount)"]
				}
			}
		}
	}
}
