{
	"format_version": "1.10.0",
	"animations": {
		"animation.bow.wield": {
			"loop": true,
			"bones": {
				"rightitem": {
					"rotation": [
						"q.has_cape ? (c.is_first_person ? 38.0 : 0.0) : (c.is_first_person ? 38.0 : 0.0)",
						"q.has_cape ? (c.is_first_person ? 120.0 : 0.0) : (c.is_first_person ? -120.0 : 0.0)",
						"q.has_cape ? (c.is_first_person ? 63.0 : 0.0) : (c.is_first_person ? -63.0 : 0.0)"
					],
					"position": [
						"q.has_cape ? (c.is_first_person ? 5.5 : -3.5) : (c.is_first_person ? -5.5 : 0.5)",
						"q.has_cape ? (c.is_first_person ? 18.0 : 21.5) : (c.is_first_person ? 18.0 : 21.5)",
						"q.has_cape ? (c.is_first_person ? 0.0 : 1.0) : (c.is_first_person ? 0.0 : 1.0)"
					]
				}
			}
		},
		"animation.bow.wield_first_person_pull": {
			"loop": true,
			"bones": {
				"rightitem": {
					"rotation": ["q.has_cape ? -53 : -53", "q.has_cape ? -8 : 8", "q.has_cape ? -35 : 35"],
					"position": [
						"q.has_cape ? 1.5 : -1.5",
						"q.has_cape ? (2.5 + (variable.charge_amount >= 1.0 ? math.sin((q.life_time) * 1000.0 * 1.3) * 0.1 - math.sin(q.life_time * 45.0) * 0.5 : 0.0)) : (2.5 + (variable.charge_amount >= 1.0 ? math.sin((q.life_time) * 1000.0 * 1.3) * 0.1 - math.sin(q.life_time * 45.0) * 0.5 : 0.0))",
						"q.has_cape ? -4.8 : -4.8"
					]
				}
			}
		}
	}
}
