{
	"format_version": "1.8.0",
	"animations": {
		"animation.eatinganimation.consumable.position": {
			"loop": true,
			"bones": {
				"consumable": {
					"rotation": [
						"c.is_first_person ? (q.has_cape ? 48.0 : 48.0) : q.has_cape ? 200.0 : 200.0",
						"c.is_first_person ? (q.has_cape ? 120.0 : -120.0) : q.has_cape ? -10.0 : 10.0",
						"c.is_first_person ? (q.has_cape ? 63.0 : -63.0) : q.has_cape ? -90.0 : 90.0"
					],
					"position": [
						"c.is_first_person ? (q.has_cape ? 5.5 : -5.5) : q.has_cape ? -8.5 : 8.5",
						"c.is_first_person ? (q.has_cape ? 22.5 : 22.5) : q.has_cape ? 24.5 : 24",
						"c.is_first_person ? (q.has_cape ? -5.0 : -5.0) : q.has_cape ? -8 : -8"
					],
					"scale": "c.is_first_person ? 0.45 : 0.55"
				}
			}
		},
		"animation.eatinganimation.consumable.eating": {
			"loop": true,
			"bones": {
				"consumable_animated": {
					"rotation": [
						"q.has_cape ? (q.anim_time > 0.25 ? 8 * 5 : q.anim_time * 16 * 8) : q.anim_time > 0.25 ? 8 * 5 : q.anim_time * 16 * 8",
						"q.has_cape ? 0 : 0",
						"q.has_cape ? -(q.anim_time > 0.25 ? 8 * 10 : q.anim_time * 16 * 24) : q.anim_time > 0.25 ? 8 * 10 : q.anim_time * 16 * 24"
					],
					"position": [
						"q.has_cape ? -(q.anim_time > 0.45 ? -28.5 : -q.anim_time * 68) : q.anim_time > 0.45 ? -28.5 : -q.anim_time * 68",
						"q.has_cape ? (q.anim_time > 0.45 ? -4 - (q.anim_time > 0.45 ? -9 : q.anim_time * 12) : q.anim_time * 12) : q.anim_time > 0.45 ? 4 : q.anim_time * 12",
						"q.has_cape ? (q.anim_time > 0.45 ? math.sin(q.anim_time * 360 * 4 + 0.4) * 2) : q.anim_time > 0.45 ? math.sin(q.anim_time * 360 * 4 + 0.4) * 2"
					]
				}
			}
		}
	}
}
