{
	"format_version": "1.8.0",
	"animations": {
		"animation.humanoid.brandish_spear": {
			"loop": true,
			"bones": {
				"leftArm": {
					"rotation": [
						"query.has_cape ? this * -0.5 - 143.5 - 22.5 * variable.charge_amount : 0",
						"query.has_cape ? -this : 0",
						"query.has_cape ? -((math.cos(query.life_time * 103.2) * -2.865) - 2.865) : 0"
					]
				},
				"rightArm": {
					"rotation": [
						"query.has_cape ? 0 : this * -0.5 - 143.5 - 22.5 * variable.charge_amount",
						"query.has_cape ? 0 : -this",
						"query.has_cape ? 0 : ((math.cos(query.life_time * 103.2) * -2.865) - 2.865)"
					]
				}
			}
		},
		"animation.humanoid.holding_spyglass": {
			"loop": true,
			"bones": {
				"leftArm": {
					"rotation": [
						"query.has_cape ? math.clamp(query.target_x_rotation - 105 - (variable.is_sneaking ? 15 : 0), -170, 180) : 0",
						"query.has_cape ? math.clamp(query.target_y_rotation + 15, -60, 90) : 0",
						"query.has_cape ? 5 : 0"
					]
				},
				"rightArm": {
					"rotation": [
						"query.has_cape ? 0 : math.clamp(query.target_x_rotation - 105 - (variable.is_sneaking ? 15 : 0), -170, 180)",
						"query.has_cape ? 0 : math.clamp(query.target_y_rotation - 15, -60, 90)",
						"query.has_cape ? 0 : 5"
					]
				}
			}
		},
		"animation.humanoid.brushing": {
			"loop": true,
			"bones": {
				"leftArm": {
					"rotation": [
						"query.has_cape ? math.clamp(query.target_x_rotation, -43, 14) - 50 : 0",
						"query.has_cape ? math.clamp(query.target_y_rotation, -37, 43) : 0",
						"query.has_cape ? -5 : 0"
					]
				},
				"rightArm": {
					"rotation": [
						"query.has_cape ? 0 : math.clamp(query.target_x_rotation, -43, 14) - 50",
						"query.has_cape ? 0 : math.clamp(query.target_y_rotation, -37, 43)",
						"query.has_cape ? 0 : 5"
					]
				}
			}
		},
		"animation.humanoid.use_item_progress": {
			"loop": true,
			"bones": {
				"leftArm": {
					"rotation": [
						"query.has_cape ? variable.use_item_startup_progress * -60.0 + variable.use_item_interval_progress * 11.25 : 0",
						"query.has_cape ? variable.use_item_startup_progress * 22.5 + variable.use_item_interval_progress * 11.25 : 0",
						"query.has_cape ? variable.use_item_startup_progress * -5.625 + variable.use_item_interval_progress * 11.25 : 0"
					]
				},
				"rightArm": {
					"rotation": [
						"query.has_cape ? 0 : variable.use_item_startup_progress * -60.0 + variable.use_item_interval_progress * 11.25",
						"query.has_cape ? 0 : variable.use_item_startup_progress * -22.5 + variable.use_item_interval_progress * 11.25",
						"query.has_cape ? 0 : variable.use_item_startup_progress * 5.625 + variable.use_item_interval_progress * 11.25"
					]
				}
			}
		},
        "animation.humanoid.melee_spear_hold": {
            "loop": true,
            "bones": {
                "rightarm": {
                    "rotation": [
                        "query.has_cape ? 0 : v.tp_melee_spear_base_arm_rotation_x + q.target_x_rotation - q.is_sneaking * 27.0 - this",
                        "query.has_cape ? 0 : math.clamp(q.target_y_rotation, -60.0, 45.0) - this",
                        0.0
                    ]
                },
                "rightitem": {
                    "position": [
						0.0,
						"query.has_cape ? 0 : -1.5",
						"query.has_cape ? 0 : -1.5"
					]
                },
                "leftarm": {
                    "rotation": [
                        "query.has_cape ? v.tp_melee_spear_base_arm_rotation_x + q.target_x_rotation - q.is_sneaking * 27.0 - this : 0",
                        "query.has_cape ? math.clamp(q.target_y_rotation, -60.0, 45.0) - this : 0",
                        0.0
                    ]
                },
                "leftitem": {
                    "position": [
						0.0,
						"query.has_cape ? -1.5 : 0",
						"query.has_cape ? -1.5 : 0"
					]
                }
            }
        },
        "animation.humanoid.melee_spear_use": {
            "loop": true,
            "bones": {
                "rightarm": {
                    "rotation": [
                        "v.tp_melee_spear_base_arm_rotation_x + q.target_x_rotation - q.is_sneaking * 27.0 - this + v.tp_melee_spear_use_arm_rotation_x",
                        "math.clamp(q.target_y_rotation, -60.0, 45.0) - this + v.tp_melee_spear_use_arm_rotation_y",
                        "v.tp_melee_spear_use_arm_rotation_z"
                    ]
                },
                "rightitem": {
                    "position": [ 0.0, -1.5, -1.5 ],
                    "rotation": [ "v.tp_melee_spear_use_item_rotation_x", 0.0, 0.0 ]
                }
            }
        }
	}
}
