{
	"format_version": "1.8.0",
	"animations": {
		"animation.low_taper_fade_chicken.distinctive_dance": {
			"loop": true,
			"animation_length": 1,
			"bones": {
				"body": {
					"rotation": ["4+(math.sin(q.anim_time*720)*6)", "(math.cos(q.anim_time*360)*3)", 0],
					"position": [0, "-1+(math.sin(q.anim_time*720)*0.5)", 0]
				},
				"head": {
					"rotation": ["(math.sin(q.anim_time*720)*8)", "(math.cos(q.anim_time*360)*5)", 0]
				},
				"leg0": {
					"rotation": [0, 0, 0]
				},
				"leg1": {
					"rotation": [0, 0, 0]
				},
				"wing0": {
					"rotation": [0, 0, "(math.sin(q.anim_time*720)*25+15)"]
				},
				"wing1": {
					"rotation": [0, 0, "(math.sin(q.anim_time*720)*-25-15)"]
				},
				"wings": {
					"rotation": ["(math.sin(q.anim_time*720)*8)", 0, 0]
				}
			}
		},
		"animation.low_taper_fade_chicken.idle": {
			"loop": true,
			"animation_length": 3,
			"bones": {
				"body": {
					"rotation": [0, "(math.sin(q.anim_time*120)*2)", 0],
					"position": [0, "(math.sin(q.anim_time*120)*0.2)", 0]
				},
				"head": {
					"rotation": ["(math.sin(q.anim_time*120+30)*3)", "(math.sin(q.anim_time*90)*5)", 0]
				},
				"wing0": {
					"rotation": [0, 0, "(math.sin(q.anim_time*120)*2)"]
				},
				"wing1": {
					"rotation": [0, 0, "(math.sin(q.anim_time*120)*-2)"]
				},
				"leg0": {
					"rotation": ["(math.sin(q.anim_time*120)*1)", 0, 0]
				},
				"leg1": {
					"rotation": ["(math.sin(q.anim_time*120+60)*1)", 0, 0]
				}
			}
		},
		"animation.low_taper_fade_chicken.sit": {
			"animation_length": 1,
			"loop": false,
			"bones": {
				"body": {
					"rotation": {
						"0.0": [0, 0, 0],
						"0.2": [5, 0, 0],
						"0.5": [10, 0, 0],
						"1.0": [15, 0, 0]
					},
					"position": {
						"0.0": [0, 0, 0],
						"0.5": [0, -1, 0],
						"1.0": [0, -2, 0]
					}
				},
				"head": {
					"rotation": {
						"0.0": [0, 0, 0],
						"0.3": [5, 0, 0],
						"0.7": [-5, 0, 0],
						"1.0": [-10, 0, 0]
					}
				},
				"wing0": {
					"rotation": {
						"0.0": [0, 0, 0],
						"0.2": [0, -20, 30],
						"0.4": [0, -10, 60],
						"0.6": [0, -5, 30],
						"1.0": [0, 0, 5]
					}
				},
				"wing1": {
					"rotation": {
						"0.0": [0, 0, 0],
						"0.2": [0, 20, -30],
						"0.4": [0, 10, -60],
						"0.6": [0, 5, -30],
						"1.0": [0, 0, -5]
					}
				},
				"leg0": {
					"rotation": {
						"0.0": [0, 0, 0],
						"0.5": [20, 0, 0],
						"1.0": [90, 0, 0]
					},
					"position": {
						"0.0": [0, 0, 0],
						"1.0": [0, 1, -1]
					}
				},
				"leg1": {
					"rotation": {
						"0.0": [0, 0, 0],
						"0.5": [20, 0, 0],
						"1.0": [90, 0, 0]
					},
					"position": {
						"0.0": [0, 0, 0],
						"1.0": [0, 1, -1]
					}
				}
			}
		},
		"animation.low_taper_fade_chicken.unsit": {
			"animation_length": 1.2,
			"loop": false,
			"bones": {
				"body": {
					"rotation": {
						"0.0": [15, 0, 0],
						"0.3": [10, 0, 0],
						"0.7": [5, 0, 0],
						"1.2": [0, 0, 0]
					},
					"position": {
						"0.0": [0, -2, 0],
						"0.6": [0, -1, 0],
						"1.2": [0, 0, 0]
					}
				},
				"head": {
					"rotation": {
						"0.0": [-10, 0, 0],
						"0.3": [-5, 0, 0],
						"0.7": [5, 0, 0],
						"1.2": [0, 0, 0]
					}
				},
				"wing0": {
					"rotation": {
						"0.0": [0, 0, 5],
						"0.2": [0, -10, 70],
						"0.5": [0, -20, 50],
						"0.8": [0, -10, 30],
						"1.2": [0, 0, 0]
					}
				},
				"wing1": {
					"rotation": {
						"0.0": [0, 0, -5],
						"0.2": [0, 10, -70],
						"0.5": [0, 20, -50],
						"0.8": [0, 10, -30],
						"1.2": [0, 0, 0]
					}
				},
				"leg0": {
					"rotation": {
						"0.0": [90, 0, 0],
						"0.6": [45, 0, 0],
						"1.2": [0, 0, 0]
					},
					"position": {
						"0.0": [0, 1, -1],
						"0.6": [0, 0.5, -0.5],
						"1.2": [0, 0, 0]
					}
				},
				"leg1": {
					"rotation": {
						"0.0": [90, 0, 0],
						"0.6": [45, 0, 0],
						"1.2": [0, 0, 0]
					},
					"position": {
						"0.0": [0, 1, -1],
						"0.6": [0, 0.5, -0.5],
						"1.2": [0, 0, 0]
					}
				}
			}
		},
		"animation.low_taper_fade_chicken.jump": {
			"animation_length": 1.5,
			"bones": {
				"bone": {
					"position": {
						"0.0": [0, 0, 0],
						"0.1": [0, 1, 0],
						"0.3": [0, 3, 0],
						"0.7": [0, 4, 0],
						"1.0": [0, 3, 0],
						"1.3": [0, 1, 0],
						"1.5": [0, 0, 0]
					}
				},
				"body": {
					"rotation": {
						"0.0": [0, 0, 0],
						"0.2": [-10, 0, 0],
						"0.7": [-15, 0, 0],
						"1.3": [-5, 0, 0],
						"1.5": [0, 0, 0]
					}
				},
				"head": {
					"rotation": {
						"0.0": [0, 0, 0],
						"0.2": [10, 0, 0],
						"0.7": [15, 0, 0],
						"1.3": [5, 0, 0],
						"1.5": [0, 0, 0]
					}
				},
				"wing0": {
					"rotation": {
						"0.0": [0, 0, 0],
						"0.2": [0, -20, 40],
						"0.5": [0, -30, 60],
						"0.9": [0, -30, 60],
						"1.3": [0, -10, 20],
						"1.5": [0, 0, 0]
					}
				},
				"wing1": {
					"rotation": {
						"0.0": [0, 0, 0],
						"0.2": [0, 20, -40],
						"0.5": [0, 30, -60],
						"0.9": [0, 30, -60],
						"1.3": [0, 10, -20],
						"1.5": [0, 0, 0]
					}
				},
				"leg0": {
					"rotation": {
						"0.0": [0, 0, 0],
						"0.2": [-20, 0, 0],
						"0.7": [0, 0, 0],
						"1.3": [-10, 0, 0],
						"1.5": [0, 0, 0]
					}
				},
				"leg1": {
					"rotation": {
						"0.0": [0, 0, 0],
						"0.2": [-20, 0, 0],
						"0.7": [-30, 0, 0],
						"1.3": [-10, 0, 0],
						"1.5": [0, 0, 0]
					}
				}
			}
		},
		"animation.low_taper_fade_chicken.bonk": {
			"loop": true,
			"animation_length": 0.3333,
			"bones": {
				"body": {
					"rotation": [15, 0, 0],
					"position": [0, -2, 0]
				},
				"head": {
					"rotation": {
						"0.0": [0, 0, 0],
						"0.1667": [75, 0, 0],
						"0.3333": [0, 0, 0]
					}
				}
			}
		}
	}
}
