{
	"format_version": "1.8.0",
	"animations": {
		"animation.player.first_person.attack_rotation": {
			"loop": true,
			"animation_length": 0.6,
			"anim_time_update": "(variable.attack_time * 0.55)",
			"bones": {
				"leftArm": {
					"rotation": {
						"0.0": ["q.has_cape ? 0 : 0", "q.has_cape ? 0 : 0", "q.has_cape ? 0 : 0"],
						"0.01": ["q.has_cape ? -37.5 : 0", "q.has_cape ? -21.5 : 0", "q.has_cape ? 16.5 : 0"],
						"0.05": ["q.has_cape ? -51 : 0", "q.has_cape ? -37 : 0", "q.has_cape ? 24.75 : 0"],
						"0.07": ["q.has_cape ? -45.5 : 0", "q.has_cape ? -47 : 0", "q.has_cape ? 27.5 : 0"],
						"0.12": ["q.has_cape ? -41 : 0", "q.has_cape ? -52.5 : 0", "q.has_cape ? 23.5 : 0"],
						"0.17": ["q.has_cape ? -40 : 0", "q.has_cape ? -48 : 0", "q.has_cape ? 22 : 0"],
						"0.22": ["q.has_cape ? -35 : 0", "q.has_cape ? -46 : 0", "q.has_cape ? 18 : 0"],
						"0.3": ["q.has_cape ? -30 : 0", "q.has_cape ? -40 : 0", "q.has_cape ? 14.5 : 0"],
						"0.35": ["q.has_cape ? -22 : 0", "q.has_cape ? -30 : 0", "q.has_cape ? 8 : 0"],
						"0.47": ["q.has_cape ? -10 : 0", "q.has_cape ? -17.5 : 0", "q.has_cape ? 4 : 0"],
						"0.55": ["q.has_cape ? 0 : 0", "q.has_cape ? 0 : 0", "q.has_cape ? 0 : 0"]
					},
					"position": {
						"0.0": ["q.has_cape ? 0 : 0", "q.has_cape ? 0 : 0", "q.has_cape ? 0 : 0"],
						"0.01": ["q.has_cape ? 1.75 : 0", "q.has_cape ? 2.7 : 0", "q.has_cape ? 0 : 0"],
						"0.05": ["q.has_cape ? 2.4 : 0", "q.has_cape ? 2 : 0", "q.has_cape ? 0.3 : 0"],
						"0.07": ["q.has_cape ? 3.2 : 0", "q.has_cape ? 1.1 : 0", "q.has_cape ? 0.6 : 0"],
						"0.12": ["q.has_cape ? 3.2 : 0", "q.has_cape ? 0.5 : 0", "q.has_cape ? 1.1 : 0"],
						"0.17": ["q.has_cape ? 3.2 : 0", "q.has_cape ? -1.3 : 0", "q.has_cape ? 1.4 : 0"],
						"0.22": ["q.has_cape ? 3.2 : 0", "q.has_cape ? -2.1 : 0", "q.has_cape ? 1.5 : 0"],
						"0.3": ["q.has_cape ? 3.2 : 0", "q.has_cape ? -3.2 : 0", "q.has_cape ? 1.6 : 0"],
						"0.35": ["q.has_cape ? 3.15 : 0", "q.has_cape ? -4.6 : 0", "q.has_cape ? 1.8 : 0"],
						"0.47": ["q.has_cape ? 1.4 : 0", "q.has_cape ? -3.6 : 0", "q.has_cape ? 1.5 : 0"],
						"0.55": ["q.has_cape ? 0 : 0", "q.has_cape ? 0 : 0", "q.has_cape ? 0 : 0"]
					}
				},
				"rightArm": {
					"rotation": {
						"0.0": ["!q.has_cape ? 0 : 0", "!q.has_cape ? 0 : 0", "!q.has_cape ? 0 : 0"],
						"0.01": ["!q.has_cape ? -37.5 : 0", "!q.has_cape ? 21.5 : 0", "!q.has_cape ? -16.5 : 0"],
						"0.05": ["!q.has_cape ? -51 : 0", "!q.has_cape ? 37 : 0", "!q.has_cape ? -24.75 : 0"],
						"0.07": ["!q.has_cape ? -45.5 : 0", "!q.has_cape ? 47 : 0", "!q.has_cape ? -27.5 : 0"],
						"0.12": ["!q.has_cape ? -41 : 0", "!q.has_cape ? 52.5 : 0", "!q.has_cape ? -23.5 : 0"],
						"0.17": ["!q.has_cape ? -40 : 0", "!q.has_cape ? 48 : 0", "!q.has_cape ? -22 : 0"],
						"0.22": ["!q.has_cape ? -35 : 0", "!q.has_cape ? 46 : 0", "!q.has_cape ? -18 : 0"],
						"0.3": ["!q.has_cape ? -30 : 0", "!q.has_cape ? 40 : 0", "!q.has_cape ? -14.5 : 0"],
						"0.35": ["!q.has_cape ? -22 : 0", "!q.has_cape ? 30 : 0", "!q.has_cape ? -8 : 0"],
						"0.47": ["!q.has_cape ? -10 : 0", "!q.has_cape ? 17.5 : 0", "!q.has_cape ? -4 : 0"],
						"0.55": ["!q.has_cape ? 0 : 0", "!q.has_cape ? 0 : 0", "!q.has_cape ? 0 : 0"]
					},
					"position": {
						"0.0": ["!q.has_cape ? 0 : 0", "!q.has_cape ? 0 : 0", "!q.has_cape ? 0 : 0"],
						"0.01": ["!q.has_cape ? -1.75 : 0", "!q.has_cape ? 2.7 : 0", "!q.has_cape ? 0 : 0"],
						"0.05": ["!q.has_cape ? -2.4 : 0", "!q.has_cape ? 2 : 0", "!q.has_cape ? 0.3 : 0"],
						"0.07": ["!q.has_cape ? -3.2 : 0", "!q.has_cape ? 1.1 : 0", "!q.has_cape ? 0.6 : 0"],
						"0.12": ["!q.has_cape ? -3.2 : 0", "!q.has_cape ? 0.5 : 0", "!q.has_cape ? 1.1 : 0"],
						"0.17": ["!q.has_cape ? -3.2 : 0", "!q.has_cape ? -1.3 : 0", "!q.has_cape ? 1.4 : 0"],
						"0.22": ["!q.has_cape ? -3.2 : 0", "!q.has_cape ? -2.1 : 0", "!q.has_cape ? 1.5 : 0"],
						"0.3": ["!q.has_cape ? -3.2 : 0", "!q.has_cape ? -3.2 : 0", "!q.has_cape ? 1.6 : 0"],
						"0.35": ["!q.has_cape ? -3.15 : 0", "!q.has_cape ? -4.6 : 0", "!q.has_cape ? 1.8 : 0"],
						"0.47": ["!q.has_cape ? -1.4 : 0", "!q.has_cape ? -3.6 : 0", "!q.has_cape ? 1.5 : 0"],
						"0.55": ["!q.has_cape ? 0 : 0", "!q.has_cape ? 0 : 0", "!q.has_cape ? 0 : 0"]
					}
				}
			}
		},
		"animation.items.hold": {
			"loop": true,
			"bones": {
				"rightItem": {
					"rotation": ["c.is_first_person ? -10.0 : 0.0", "c.is_first_person ? 100.0 : 0.0", "c.is_first_person ? -35.0 : 0.0"],
					"position": ["c.is_first_person ? 0.0 : 0.0", "c.is_first_person ? 6.0 : 0.0", "c.is_first_person ? -8.0 : 0.0"]
				},
				"leftItem": {
					"position": ["c.is_first_person ? 0.0 : 0.0", "c.is_first_person ? 6.0 : 0.0", "c.is_first_person ? -8.0 : 0.0"]
				}
			}
		},
		"animation.player.first_person.attack_rotation_item": {
			"loop": true,
			"override_previous_animation": true,
			"bones": {
				"rightitem": {
					"rotation": [
						"math.sin(variable.first_person_rotation_factor * (1.0 - variable.attack_time) * (1.0 - variable.attack_time) * 200.0) * 20.0",
						"-math.sin(variable.first_person_rotation_factor * (1.0 - variable.attack_time) * (1.0 - variable.attack_time) * 200.0) * -42",
						"math.sin(variable.first_person_rotation_factor * (1.0 - variable.attack_time) * (1.0 - variable.attack_time) * 200.0) * -78"
					],
					"position": [
						"math.clamp(-15.5 * math.sin(variable.first_person_rotation_factor * variable.attack_time * 112.0), 12, 999.0) * math.sin(variable.first_person_rotation_factor * variable.attack_time * 112.0)",
						"math.clamp(2 * math.sin(variable.first_person_rotation_factor * variable.attack_time * 112.0), 3, 999.0) * math.sin(variable.first_person_rotation_factor * variable.attack_time * 112.0) - (math.sin(variable.attack_time*3.14))*(math.sin(variable.attack_time*3.14)) *-60*(query.get_equipped_item_name('main_hand') == 'trident'? 1.0:0.0)",
						"math.sin(variable.first_person_rotation_factor * (1.0 - variable.attack_time) * (1.0 - variable.attack_time) * 280.0) * -11"
					]
				}
			}
		},
		"animation.player.first_person.base_pose": {
			"loop": true,
			"bones": {
				"body": {
					"rotation": ["query.target_x_rotation", "query.target_y_rotation", 0]
				}
			}
		},
		"animation.player.first_person.crossbow_hold": {
			"loop": true,
			"bones": {
				"rightItem": {
					"position": ["query.get_equipped_item_name('off_hand') == 'shield' ? -4.0 : 0.0", 0, 0]
				}
			}
		},
		"animation.player.first_person.crossbow_equipped": {
			"loop": true,
			"override_previous_animation": true,
			"bones": {
				"rightArm": {
					"rotation": [
						"q.has_cape ? 12.1525 - variable.item_use_normalized * -30.5 : -90.0",
						"q.has_cape ? 19.0403 + variable.short_arm_offset_left : -60.0",
						"q.has_cape ? 113.6883 - (1 - variable.item_use_normalized) : 87.0"
					],
					"position": ["q.has_cape ? 0.5 : 13.0", "q.has_cape ? -5 : -6.0", "q.has_cape ? 15 : 6.0"],
					"scale": 0.8
				},
				"rightItem": {
					"rotation": [10, 5, -90],
					"position": [6.333, 6.12643, -5.45471]
				}
			}
		},
        "animation.player.first_person.melee_spear_hold": {
            "loop": true,
            "override_previous_animation": false,
            "bones": {
                "rightitem": {
                    "position": [
						"query.has_cape ? (q.equipped_item_any_tag('slot.weapon.offhand', 'minecraft:is_spear') ? -1.5 : 0) : -1.5",
						"query.has_cape ? (q.equipped_item_any_tag('slot.weapon.offhand', 'minecraft:is_spear') ? 2.0 : 0) : 2.0",
						"query.has_cape ? (q.equipped_item_any_tag('slot.weapon.offhand', 'minecraft:is_spear') ? 3.5 : 0) : 3.5"
					],
                    "rotation": [
						"query.has_cape ? (q.equipped_item_any_tag('slot.weapon.offhand', 'minecraft:is_spear') ? 45.0 : 0) : 45.0",
						"query.has_cape ? (q.equipped_item_any_tag('slot.weapon.offhand', 'minecraft:is_spear') ? 55.0 : 0) : 55.0",
						"query.has_cape ? (q.equipped_item_any_tag('slot.weapon.offhand', 'minecraft:is_spear') ? -12.5 : 0) : -12.5"
					]
                },
                "leftitem": {
                    "position": [ 
						"query.has_cape ? 1.5 : q.equipped_item_any_tag('slot.weapon.offhand', 'minecraft:is_spear') ? 1.5 : 0",
						"query.has_cape ? 2.0 : q.equipped_item_any_tag('slot.weapon.offhand', 'minecraft:is_spear') ? 2.0 : 0",
						"query.has_cape ? 3.5 : q.equipped_item_any_tag('slot.weapon.offhand', 'minecraft:is_spear') ? 3.5 : 0"
					],
                    "rotation": [
						"query.has_cape ? 45.0 : q.equipped_item_any_tag('slot.weapon.offhand', 'minecraft:is_spear') ? 45.0 : 0",
						"query.has_cape ? -55.0 : q.equipped_item_any_tag('slot.weapon.offhand', 'minecraft:is_spear') ? -55.0 : 0",
						"query.has_cape ? 12.5 : q.equipped_item_any_tag('slot.weapon.offhand', 'minecraft:is_spear') ? 12.5 : 0"
					]
                }
            }
        },
        "animation.player.first_person.melee_spear_use": {
            "loop": true,
            "override_previous_animation": false,
            "bones": {
                "rightitem": {
                    "position": [
						"query.has_cape ? (q.equipped_item_any_tag('slot.weapon.offhand', 'minecraft:is_spear') ? -1.5 : 0) : -1.5 + v.fp_melee_spear_use_item_position_x",
						"query.has_cape ? (q.equipped_item_any_tag('slot.weapon.offhand', 'minecraft:is_spear') ? 2.0 : 0) : 2.0 + v.fp_melee_spear_use_item_position_y",
						"query.has_cape ? (q.equipped_item_any_tag('slot.weapon.offhand', 'minecraft:is_spear') ? 3.5 : 0) : 3.5 + v.fp_melee_spear_use_item_position_z"
					],
                    "rotation": [
						"query.has_cape ? (q.equipped_item_any_tag('slot.weapon.offhand', 'minecraft:is_spear') ? 45.0 : 0) : 45.0",
						"query.has_cape ? (q.equipped_item_any_tag('slot.weapon.offhand', 'minecraft:is_spear') ? 55.0 : 0) : 55.0 + v.fp_melee_spear_use_item_rotation_y",
						"query.has_cape ? (q.equipped_item_any_tag('slot.weapon.offhand', 'minecraft:is_spear') ? -12.5 : 0) : -12.5 + v.fp_melee_spear_use_item_rotation_z"
					]
                },
                "leftitem": {
                    "position": [
						"query.has_cape ? 1.5 + v.fp_melee_spear_use_item_position_x : q.equipped_item_any_tag('slot.weapon.offhand', 'minecraft:is_spear') ? 1.5 : 0",
						"query.has_cape ? 2.0 + v.fp_melee_spear_use_item_position_y : q.equipped_item_any_tag('slot.weapon.offhand', 'minecraft:is_spear') ? 2.0 : 0",
						"query.has_cape ? 3.5 + v.fp_melee_spear_use_item_position_z : q.equipped_item_any_tag('slot.weapon.offhand', 'minecraft:is_spear') ? 3.5 : 0"
					],
                    "rotation": [
						"query.has_cape ? -45.0 : q.equipped_item_any_tag('slot.weapon.offhand', 'minecraft:is_spear') ? 45.0 : 0",
						"query.has_cape ? 55.0 + v.fp_melee_spear_use_item_rotation_y : q.equipped_item_any_tag('slot.weapon.offhand', 'minecraft:is_spear') ? -55.0 : 0",
						"query.has_cape ? -12.5 + v.fp_melee_spear_use_item_rotation_z : q.equipped_item_any_tag('slot.weapon.offhand', 'minecraft:is_spear') ? 12.5 : 0"
					]
                }
            }
        },
        "animation.player.first_person.melee_spear_attack": {
            "loop": true,
            "override_previous_animation": false,
            "bones": {
                "rightitem": {
                    "position": [
						"query.has_cape ? (q.equipped_item_any_tag('slot.weapon.offhand', 'minecraft:is_spear') ? -1.5 : 0) : -1.5 + v.fp_melee_spear_attack_item_position_x",
						"query.has_cape ? (q.equipped_item_any_tag('slot.weapon.offhand', 'minecraft:is_spear') ? 2.0 : 0) : 2.0 + v.fp_melee_spear_attack_item_position_y",
						"query.has_cape ? (q.equipped_item_any_tag('slot.weapon.offhand', 'minecraft:is_spear') ? 3.5 : 0) : 3.5 + v.fp_melee_spear_attack_item_position_z"
					],
                    "rotation": [
						"query.has_cape ? (q.equipped_item_any_tag('slot.weapon.offhand', 'minecraft:is_spear') ? 45.0 : 0) : 45.0",
						"query.has_cape ? (q.equipped_item_any_tag('slot.weapon.offhand', 'minecraft:is_spear') ? 55.0 : 0) : 55.0 + v.fp_melee_spear_attack_item_rotation_y",
						"query.has_cape ? (q.equipped_item_any_tag('slot.weapon.offhand', 'minecraft:is_spear') ? -12.5 : 0) : -12.5 + v.fp_melee_spear_attack_item_rotation_z"
					]
                },
                "leftitem": {
                    "position": [
						"query.has_cape ? 1.5 + v.fp_melee_spear_attack_item_position_x : q.equipped_item_any_tag('slot.weapon.offhand', 'minecraft:is_spear') ? 1.5 : 0",
						"query.has_cape ? 2.0 + v.fp_melee_spear_attack_item_position_y : q.equipped_item_any_tag('slot.weapon.offhand', 'minecraft:is_spear') ? 2.0 : 0",
						"query.has_cape ? 3.5 + v.fp_melee_spear_attack_item_position_z : q.equipped_item_any_tag('slot.weapon.offhand', 'minecraft:is_spear') ? 3.5 : 0"
					],
                    "rotation": [
						"query.has_cape ? -45.0 : q.equipped_item_any_tag('slot.weapon.offhand', 'minecraft:is_spear') ? 45.0 : 0",
						"query.has_cape ? 55.0 + v.fp_melee_spear_attack_item_rotation_y : q.equipped_item_any_tag('slot.weapon.offhand', 'minecraft:is_spear') ? -55.0 : 0",
						"query.has_cape ? -12.5 + v.fp_melee_spear_attack_item_rotation_z : q.equipped_item_any_tag('slot.weapon.offhand', 'minecraft:is_spear') ? 12.5 : 0"
					]
                }
            }
        },
		"animation.player.first_person.breathing_bob": {
			"loop": true,
			"bones": {
				"rightitem": {
					"position": [0, "variable.bob_animation * math.sin(q.life_time * 45.0) * 0.5", 0]
				}
			}
		},
		"animation.player.first_person.empty_hand": {
			"loop": true,
			"bones": {
				"rightArm": {
					"rotation": [98.21035,-34.44673, 109.992],
					"position": [13.5, -7, 10]
				},
				"leftArm": {
					"rotation": [98.21035, 34.44673, -109.992],
					"position": [-13.5, -7, 10]
				},
				"leftItem": {
					"position": [0, 0, -1]
				},
				"rightItem": {
					"position": [0, 0, -1]
				}
			}
		},
		"animation.player.first_person.swap_item": {
			"loop": true,
			"bones": {
				"leftarm": {
					"position": [
						0.0,
						"q.has_cape ? -10.0 * (1.0 - variable.player_arm_height) : 0.0",
						0.0
					]
				},
				"rightarm": {
					"position": [
						0.0,
						"!q.has_cape ? -10.0 * (1.0 - variable.player_arm_height) : 0.0",
						0.0
					]
				}
			}
		},
		"animation.player.first_person.vr_attack_rotation": {
			"loop": true,
			"bones": {
				"rightarm": {
					"position": [
						"5.0 * math.sin(variable.first_person_rotation_factor * variable.attack_time * 112.0)",
						"(math.sin(variable.first_person_rotation_factor * (1.0 - variable.attack_time) * (1.0 - variable.attack_time) * 200.0) - 0.8) * 8.75 + 5.0",
						"math.sin(variable.first_person_rotation_factor * variable.attack_time * 120.0) * 15.0"
					],
					"rotation": [
						"30.7 * math.sin(variable.first_person_rotation_factor * variable.attack_time * -180.0 - 45.0) * 1.5",
						0,
						"21.8 * math.sin(variable.first_person_rotation_factor * variable.attack_time * 200.0 + 30.0) * 1.25"
					]
				}
			}
		},
		"animation.player.first_person.walk": {
			"loop": true,
			"bones": {
				"leftarm": {
					"position": [
						"math.sin(-query.walk_distance * 180.0) * variable.hand_bob * 9.75",
						"-math.abs(math.cos(-query.walk_distance * 180.0)) * variable.hand_bob * 15.0 + variable.short_arm_offset_left",
						0
					]
				},
				"rightarm": {
					"position": [
						"math.sin(-query.walk_distance * 180.0) * variable.hand_bob * 9.75",
						"-math.abs(math.cos(-query.walk_distance * 180.0)) * variable.hand_bob * 15.0 + variable.short_arm_offset_right",
						0
					]
				}
			}
		}
	}
}
