{
	"format_version": "1.8.0",
	"animations": {
		"animation.player.attack.positions": {
			"loop": true,
			"bones": {
				"head": {
					"rotation": [0, 0, 0]
				}
			}
		},
		"animation.player.attack.rotations": {
			"loop": true,
			"bones": {
				"body": {
					"rotation": [0, "query.has_cape ? math.sin(math.sqrt(variable.attack_time) * 360.0) * 11.46 : -math.sin(math.sqrt(variable.attack_time) * 360.0) * 11.46", 0]
				},
				"leftArm": {
					"rotation": [
						"query.has_cape ? -(math.sin((1.0 - math.pow(1.0 - variable.attack_time, 3.0)) * 180.0) * 90.0 + math.sin(variable.attack_time * 180.0) * -0.5 * (query.is_gliding ? -90.0 : query.target_x_rotation)) : (math.sin((1 - math.pow((1 - variable.attack_time), 4)) * 180) * -1.2 + math.sin(variable.attack_time * 180)) * 10.0",
						"query.has_cape ? -(math.sin(math.sqrt(variable.attack_time) * 360.0) * 11.46) * 3.0 : 0",
						"query.has_cape ? 0 : 0"
					]
				},
				"rightArm": {
					"rotation": [
						"!query.has_cape ? -(math.sin((1 - math.pow((1 - variable.attack_time), 4)) * 180) * 1.2 + math.sin(variable.attack_time * 180)) * 30.0 : 0",
						"!query.has_cape ? -(math.sin((1 - math.pow((1 - variable.attack_time), 4)) * 180) ? (-90.0 * math.sin((1 - math.pow((1 - variable.attack_time), 4)) * 180)) + 30.0 : 0.0) : 0",
						"!query.has_cape ? 0 : 0"
					]
				}
			}
		},
		"animation.player.base_pose.upside_down": {
			"loop": true,
			"bones": {
				"waist": {
					"position": [0, 8, 0],
					"rotation": [0, 0, 180]
				}
			}
		},
		"animation.player.bob": {
			"loop": true,
			"bones": {
				"leftArm": {
					"rotation": [0, 0, "-((math.cos(query.life_time * 103.2) * 2.865) + 2.865)"]
				},
				"rightArm": {
					"rotation": [0, 0, "(math.cos(query.life_time * 103.2) * 2.865) + 2.865"]
				}
			}
		},
		"animation.player.bob.stationary": {
			"loop": true,
			"bones": {
				"leftArm": {
					"rotation": [0, 0, "-((math.cos(query.life_time * 103.2) * 2.865) + 2.865)"]
				},
				"rightArm": {
					"rotation": [0, 0, "(math.cos(query.life_time * 103.2) * 2.865) + 2.865"]
				}
			}
		},
		"animation.player.bow_equipped": {
			"loop": true,
			"bones": {
				"leftArm": {
					"rotation": [
						"query.has_cape ? query.target_x_rotation - 90.0 + math.sin(query.life_time * 76.8) * 2.865 - this : query.target_x_rotation - 90.0 - math.sin(query.life_time * 76.8) * 2.865 - this",
						"query.has_cape ? query.target_y_rotation - 0 : query.target_y_rotation + 28.65",
						"query.has_cape ? -(math.cos(query.life_time * 103.2) * 2.865) - 2.865 : (math.cos(query.life_time * 103.2) * 2.865) + 2.865"
					]
				},
				"rightArm": {
					"rotation": [
						"query.has_cape ? query.target_x_rotation - 90.0 - math.sin(query.life_time * 76.8) * 2.865 - this : query.target_x_rotation - 90.0 + math.sin(query.life_time * 76.8) * 2.865 - this",
						"query.has_cape ? query.target_y_rotation - 28.65 : query.target_y_rotation + 0",
						"query.has_cape ? -(math.cos(query.life_time * 103.2) * 2.865) : (math.cos(query.life_time * 103.2) * 2.865) + 2.865"
					]
				}
			}
		},
		"animation.player.cape": {
			"loop": true,
			"bones": {
				"cape": {
					"position": [0, "query.get_root_locator_offset('armor_offset.default_neck', 1)", 0],
					"rotation": ["math.lerp(0.0, -126.0, query.cape_flap_amount) - 6.0", 0, 0]
				}
			}
		},
		"animation.player.crossbow_equipped": {
			"loop": true,
			"animation_length": 1.25,
			"bones": {
				"leftArm": {
					"rotation": [
						"query.has_cape ? -this - 45.0 - (1.0 - variable.item_use_normalized) * 5.0 : -this - 45.0 + (1.0 - variable.item_use_normalized) * 5.0",
						"query.has_cape ? -this + (1.0 - variable.item_use_normalized) * 30.0 : -this + (1.0 - variable.item_use_normalized) * 30.0",
						"query.has_cape ? -this + 20.0 - (1.0 - variable.item_use_normalized) * 10.0 : -this + 20.0 + (1.0 - variable.item_use_normalized) * 10.0"
					],
					"position": [0, 0, 0.5]
				},
				"rightArm": {
					"rotation": {
						"0.0": [
							"query.has_cape ? -70.0 - this : -this - 45.0 - (1.0 - variable.item_use_normalized) * 5.0",
							"query.has_cape ? -15.0 - this : -this + 40 - (1.0 - variable.item_use_normalized) * 30.0",
							"query.has_cape ? -2.5 - this : -this - 20.0 - (1.0 - variable.item_use_normalized) * 10.0"
						],
						"1.25": [
							"query.has_cape ? -90.0 - this : -this - 15.0 - (1.0 - variable.item_use_normalized) * 5.0",
							"query.has_cape ? -45.0 - this : -this - (1.0 - variable.item_use_normalized) * 30.0",
							"query.has_cape ? -2.5 - this : -this - 20.0 - (1.0 - variable.item_use_normalized) * 10.0"
						]
					}
				}
			}
		},
		"animation.player.crossbow_hold": {
			"loop": true,
			"bones": {
				"leftArm": {
					"rotation": [
						"query.has_cape ? (query.is_swimming ? 0.0 : -93.0 + query.target_x_rotation - query.is_sneaking * 27.0 -this) : (query.is_swimming ? 0.0 : -93.0 + query.target_x_rotation - query.is_sneaking * 14.0 -this)",
						"query.has_cape ? (query.is_swimming ? 0.0 : math.clamp(query.target_y_rotation, -60.0, 45.0) -this) : (query.is_swimming ? 0.0 : 42.0 + math.clamp(query.target_y_rotation, -45.0, -5.0) -this)",
						0
					]
				},
				"rightArm": {
					"rotation": [
						"query.has_cape ? (query.is_swimming ? 0.0 : -93.0 + query.target_x_rotation - query.is_sneaking * 27.0 -this) : query.is_swimming ? 0.0 : -93.0 + query.target_x_rotation - query.is_sneaking * 27.0 -this",
						"query.has_cape ? (query.is_swimming ? 0.0 : -42.0 + math.clamp(query.target_y_rotation, -45.0, -5.0) -this) : query.is_swimming ? 0.0 : 0.0 + math.clamp(query.target_y_rotation, -45.0, -5.0) -this",
						"query.is_sneaking * 15.0 -this"
					]
				}
			}
		},
        "animation.player.melee_spear_attack": {
            "loop": true,
            "bones": {
                "body": {
                    "rotation": [ 0.0, "v.attack_body_rot_y", 0.0 ]
                },
                "rightarm": {
                    "rotation": [
                        "query.has_cape ? (q.equipped_item_any_tag('slot.weapon.offhand', 'minecraft:is_spear') ? 0 : 0) : v.tp_melee_spear_base_arm_rotation_x + q.target_x_rotation - q.is_sneaking * 27.0 - this + v.tp_melee_spear_attack_arm_rotation_x",
                        "query.has_cape ? (q.equipped_item_any_tag('slot.weapon.offhand', 'minecraft:is_spear') ? 0 : 0) : math.clamp(q.target_y_rotation, -60.0, 45.0) - this - v.attack_body_rot_y",
                        0.0
                    ]
                },
                "rightitem": {
                    "position": [
						0.0,
						"query.has_cape ? (q.equipped_item_any_tag('slot.weapon.offhand', 'minecraft:is_spear') ? 0 : 0) : -1.5",
						"query.has_cape ? (q.equipped_item_any_tag('slot.weapon.offhand', 'minecraft:is_spear') ? 0 : 0) : -1.5"
					],
                    "rotation": [
						"query.has_cape ? (q.equipped_item_any_tag('slot.weapon.offhand', 'minecraft:is_spear') ? 0 : 0) : v.tp_melee_spear_attack_item_rotation_x",
						0.0,
						0.0
					]
                },
                "leftarm": {
                    "rotation": [
                        "query.has_cape ? v.tp_melee_spear_base_arm_rotation_x + q.target_x_rotation - q.is_sneaking * 27.0 - this + v.tp_melee_spear_attack_arm_rotation_x : q.equipped_item_any_tag('slot.weapon.offhand', 'minecraft:is_spear') ? 0 : 0",
                        "query.has_cape ? math.clamp(q.target_y_rotation, -60.0, 45.0) - this - v.attack_body_rot_y : q.equipped_item_any_tag('slot.weapon.offhand', 'minecraft:is_spear') ? 0 : 0",
                        0.0
                    ]
                },
                "leftitem": {
                    "position": [
						0.0,
						"query.has_cape ? -1.5 : q.equipped_item_any_tag('slot.weapon.offhand', 'minecraft:is_spear') ? 0 : 0",
						"query.has_cape ? -1.5 : q.equipped_item_any_tag('slot.weapon.offhand', 'minecraft:is_spear') ? 0 : 0"
					],
                    "rotation": [
						"query.has_cape ? v.tp_melee_spear_attack_item_rotation_x : q.equipped_item_any_tag('slot.weapon.offhand', 'minecraft:is_spear') ? 0 : 0",
						0.0,
						0.0
					]
                }
            }
        },
		"animation.player.glide": {
			"loop": true,
			"bones": {
				"leftarm": {
					"rotation": ["query.has_cape ? 0 : variable.tcos0", 0, 0]
				},
				"leftleg": {
					"rotation": ["variable.tcos0 * -1.4", 0, 0]
				},
				"rightarm": {
					"rotation": ["query.has_cape ? variable.tcos0 : -variable.tcos0", 0, 0]
				},
				"rightleg": {
					"rotation": ["variable.tcos0 * 1.4", 0, 0]
				}
			}
		},
		"animation.player.holding": {
			"loop": true,
			"bones": {
				"leftArm": {
					"rotation": ["(query.has_cape && variable.is_holding_right) || (!query.has_cape && variable.is_holding_left) ? (-this * 0.5 - 18.0) : 0.0", 0, 0]
				},
				"rightArm": {
					"rotation": ["(query.has_cape && variable.is_holding_left) || (!query.has_cape && variable.is_holding_right) ? (-this * 0.5 - 18.0) : 0.0", 0, 0]
				}
			}
		},
		"animation.player.holding.zombie": {
			"loop": true,
			"bones": {
				"leftarm": {
					"rotation": [0, 0, 0]
				},
				"rightarm": {
					"rotation": [0, 0, 0]
				}
			}
		},
		"animation.player.look_at_target.inverted": {
			"loop": true,
			"bones": {
				"head": {
					"rotation": ["-query.target_x_rotation", "-query.target_y_rotation", 0]
				}
			}
		},
		"animation.player.look_at_target.ui": {
			"loop": true,
			"bones": {
				"head": {
					"rotation": ["query.target_x_rotation", "query.target_y_rotation", 0]
				}
			}
		},
		"animation.player.move.arms": {
			"loop": true,
			"bones": {
				"leftArm": {
					"rotation": ["variable.tcos0", 0, 0]
				},
				"rightArm": {
					"rotation": ["-variable.tcos0", 0, 0]
				}
			}
		},
		"animation.player.move.arms.single": {
			"loop": true,
			"bones": {
				"leftArm": {
					"rotation": ["-variable.tcos0", 0, 0]
				},
				"rightArm": {
					"rotation": ["-variable.tcos0", 0, 0]
				}
			}
		},
		"animation.player.move.arms.stationary": {
			"loop": true,
			"bones": {
				"leftarm": {
					"rotation": [0, 0, 0]
				},
				"rightarm": {
					"rotation": [0, 0, 0]
				}
			}
		},
		"animation.player.move.arms.statue_of_liberty": {
			"loop": true,
			"bones": {
				"leftArm": {
					"rotation": ["variable.tcos0", 0, 0]
				},
				"rightArm": {
					"rotation": [
						"(variable.is_holding_right || math.sin((1 - math.pow((1 - variable.attack_time), 4)) * 180) > 0.0  ? -variable.tcos0 : 180.0)",
						0,
						"(variable.is_holding_right || math.sin((1 - math.pow((1 - variable.attack_time), 4)) * 180) > 0.0 ? 0.0 : -17.2)"
					]
				}
			}
		},
		"animation.player.move.arms.zombie": {
			"loop": true,
			"bones": {
				"leftarm": {
					"rotation": [-90, 0, 0]
				},
				"rightarm": {
					"rotation": [-90, 0, 0]
				}
			}
		},
		"animation.player.move.legs": {
			"loop": true,
			"bones": {
				"leftLeg": {
					"rotation": ["variable.tcos0 * -1.4", 0, 0]
				},
				"rightLeg": {
					"rotation": ["variable.tcos0 * 1.4", 0, 0]
				}
			}
		},
		"animation.player.move.legs.inverted": {
			"loop": true,
			"bones": {
				"leftleg": {
					"position": [0, 8, 0],
					"rotation": ["variable.tcos0", 0, 180]
				},
				"rightleg": {
					"position": [0, 8, 0],
					"rotation": ["-variable.tcos0", 0, 180]
				}
			}
		},
		"animation.player.move.legs.single": {
			"loop": true,
			"bones": {
				"leftleg": {
					"rotation": ["variable.tcos0", 0, 0]
				},
				"rightleg": {
					"rotation": ["variable.tcos0", 0, 0]
				}
			}
		},
		"animation.player.move.legs.stationary": {
			"loop": true,
			"bones": {
				"leftleg": {
					"rotation": [0, 0, 0]
				},
				"rightleg": {
					"rotation": [0, 0, 0]
				}
			}
		},
		"animation.player.riding.arms": {
			"loop": true,
			"bones": {
				"leftArm": {
					"rotation": [-36, 0, 0]
				},
				"rightArm": {
					"rotation": [-36, 0, 0]
				}
			}
		},
		"animation.player.riding.arms.zombie": {
			"loop": true,
			"bones": {
				"leftArm": {
					"rotation": [45, 0, 0]
				},
				"rightArm": {
					"rotation": [45, 0, 0]
				}
			}
		},
		"animation.player.riding.legs": {
			"loop": true,
			"bones": {
				"leftleg": {
					"rotation": ["-72.0 - this", "-18.0 - this", "-this"]
				},
				"rightleg": {
					"rotation": ["-72.0 - this", "18.0 - this", "-this"]
				}
			}
		},
		"animation.player.shield_block_main_hand": {
			"loop": true,
			"bones": {
				"rightArm": {
					"rotation": ["query.has_cape ? 0 : -20", "query.has_cape ? 0 : -30", "query.has_cape ? 0 : -25"]
				},
				"rightItem": {
					"rotation": [
						"query.has_cape ? 0 : (query.item_is_charged * 30.0)",
						"query.has_cape ? 0  : (-70.0 - query.item_is_charged * 60.0) ",
						"query.has_cape ? 0 : (-65.0 - query.item_is_charged * 15.0)"
					],
					"position": [
						"query.has_cape ? 0 : (1.0 + query.item_is_charged * 1.5)",
						"query.has_cape ? 0 : (-3.0 + query.item_is_charged)",
						"query.has_cape ? 0 : 0"
					]
				},
				"leftArm": {
					"rotation": ["query.has_cape ? -20 : 0", "query.has_cape ? 30 : 0", "query.has_cape ? 25 : 0"]
				},
				"leftItem": {
					"rotation": ["query.has_cape ? 0 : 0", "query.has_cape ? 60 : 0", "query.has_cape ? 45 : 0"],
					"position": ["query.has_cape ? -1 : 0", "query.has_cape ? -3 : 0", "query.has_cape ? 0 : 0"]
				}
			}
		},
		"animation.player.shield_block_off_hand": {
			"loop": true,
			"bones": {
				"leftArm": {
					"rotation": ["query.has_cape ? 0 : -20", "query.has_cape ? 0 : 30", "query.has_cape ? 0 : 25"]
				},
				"leftItem": {
					"rotation": ["query.has_cape ? 0 : 0", "query.has_cape ? 0 : 60", "query.has_cape ? 0 : 45"],
					"position": ["query.has_cape ? 0 : -1", "query.has_cape ? 0 : -3", "query.has_cape ? 0 : 0"]
				},
				"rightArm": {
					"rotation": ["query.has_cape ? -20 : 0", "query.has_cape ? -30 : 0", "query.has_cape ? -25 : 0"]
				},
				"rightItem": {
					"rotation": [
						"query.has_cape ? (query.item_is_charged * 30.0) : 0",
						"query.has_cape ? (-70.0 - query.item_is_charged * 60.0) : 0",
						"query.has_cape ? (-65.0 - query.item_is_charged * 15.0) : 0"
					],
					"position": [
						"query.has_cape ? (1.0 + query.item_is_charged * 1.5) : 0",
						"query.has_cape ? (-3.0 + query.item_is_charged) : 0",
						"query.has_cape ? 0 : 0"
					]
				}
			}
		},
		"animation.player.sleeping": {
			"loop": true,
			"override_previous_animation": true,
			"bones": {
				"head": {
					"rotation": ["30.0 - this", "-this", "-this"]
				},
				"root": {
					"position": [
						"24.0 * math.cos(query.body_y_rotation) * math.cos(query.sleep_rotation) - 24.0 * math.sin(query.body_y_rotation) * math.sin(query.sleep_rotation)",
						0,
						"24.0 * math.cos(query.body_y_rotation) * math.sin(query.sleep_rotation) + 24.0 * math.sin(query.body_y_rotation) * math.cos(query.sleep_rotation)"
					],
					"rotation": [-90, "270.0 - query.sleep_rotation - query.body_y_rotation", 0]
				}
			}
		},
		"animation.player.sneaking": {
			"loop": true,
			"bones": {
				"body": {
					"position": [0, -2, 0]
				},
				"head": {
					"position": [0, -1, 0]
				},
				"leftarm": {
					"rotation": ["query.has_cape ? 0 : -5.7", 0, 0]
				},
				"leftleg": {
					"rotation": [-28, 0, 0]
				},
				"rightarm": {
					"rotation": ["query.has_cape ? -5.7 : -5.7", 0, 0]
				},
				"rightleg": {
					"rotation": [-28, 0, 0]
				},
				"root": {
					"position": [0, 1.25, 9],
					"rotation": ["28.0 - this", 0, 0]
				}
			}
		},
		"animation.player.sneaking.inverted": {
			"loop": true,
			"bones": {
				"body": {
					"position": [0, -2, 0]
				},
				"head": {
					"position": [0, -1, 0],
					"rotation": [-28, 0, 0]
				},
				"leftarm": {
					"rotation": ["query.has_cape ? 0 : -5.7", 0, 0]
				},
				"leftleg": {
					"rotation": [28, 0, 0]
				},
				"rightarm": {
					"rotation": ["query.has_cape ? -5.7 : -5.7", 0, 0]
				},
				"rightleg": {
					"rotation": [28, 0, 0]
				},
				"root": {
					"position": [0, 1.25, -8],
					"rotation": ["-28.0 - this", 0, 0]
				}
			}
		},
		"animation.player.swim": {
			"loop": true,
			"animation_length": 1.3,
			"override_previous_animation": true,
			"bones": {
				"leftArm": {
					"rotation": {
						"0.0": [0, 180, 180],
						"0.7": [0, 180, 287.2],
						"1.1": [90, 180, 180],
						"1.3": [0, 180, 180]
					}
				},
				"rightArm": {
					"rotation": {
						"0.0": [0, 180, -180],
						"0.7": [0, 180, -287.2],
						"1.1": [90, 180, -180],
						"1.3": [0, 180, -180]
					}
				},
				"root": {
					"rotation": ["variable.swim_amount * (90 + query.target_x_rotation)", 0, 0],
					"position": [
						0,
						"(math.sin(query.target_x_rotation) * 24.0 + 3.0) * variable.swim_amount",
						"(math.cos(query.target_x_rotation) * 24.0 + 9.0) * variable.swim_amount"
					]
				}
			}
		},
		"animation.player.swim.legs": {
			"loop": true,
			"override_previous_animation": true,
			"bones": {
				"leftleg": {
					"rotation": ["math.lerp(0.0, math.cos(query.life_time * 390.0 + 180.0) * 17.2, variable.swim_amount)", 0, 0]
				},
				"rightleg": {
					"rotation": ["math.lerp(0.0, math.cos(query.life_time * 390.0) * 17.2, variable.swim_amount)", 0, 0]
				}
			}
		},
		"animation.player.swim.legs.single": {
			"loop": true,
			"override_previous_animation": true,
			"bones": {
				"leftleg": {
					"rotation": ["math.lerp(0.0, math.cos(query.life_time * 390.0) * 17.2, variable.swim_amount)", 0, 0]
				},
				"rightleg": {
					"rotation": ["math.lerp(0.0, math.cos(query.life_time * 390.0) * 17.2, variable.swim_amount)", 0, 0]
				}
			}
		},
		"animation.player.swim.legs.stationary": {
			"loop": true,
			"bones": {
				"leftleg": {
					"rotation": [0, 0, 0]
				},
				"rightleg": {
					"rotation": [0, 0, 0]
				}
			}
		}
	}
}
