{
	"format_version": "1.10.0",
	"animations": {
		"animation.shield.wield_main_hand_first_person": {
			"loop": true,
			"bones": {
				"shield": {
					"rotation": ["q.has_cape ? -90 : -90", "q.has_cape ? -110 : 110", "q.has_cape ? -150 : 150"],
					"position": ["q.has_cape ? -14 : 14", "q.has_cape ? 24 : 24", "q.has_cape ? 0 : 0"]
				}
			}
		},
		"animation.shield.wield_off_hand_first_person": {
			"loop": true,
			"bones": {
				"shield": {
					"rotation": ["q.has_cape ? -90 : -90", "q.has_cape ? 110 : -110", "q.has_cape ? 150 : -150"],
					"position": [
						"q.has_cape ? 12 : -16",
						"q.has_cape ? 24 : 24",
						"q.has_cape ? (variable.is_using_bow ? variable.off_hand_first_person_with_bow_pos_z : 0) : (variable.is_using_bow ? variable.off_hand_first_person_with_bow_pos_z : 0)"
					]
				}
			}
		},
		"animation.shield.wield_main_hand_first_person_blocking": {
			"loop": "hold_on_last_frame",
			"animation_length": 0.1,
			"bones": {
				"shield": {
					"rotation": {
						"0.0": ["q.has_cape ? -90 : -90", "q.has_cape ? -110 : 110", "q.has_cape ? -150 : 150"],
						"0.1": ["q.has_cape ? -90 : -90", "q.has_cape ? -120 : 120", "q.has_cape ? -150 : 150"]
					},
					"position": {
						"0.0": ["q.has_cape ? -14 : 14", "q.has_cape ? 24 : 24", "q.has_cape ? 0 : 0"],
						"0.1": ["q.has_cape ? -14 : 14", "q.has_cape ? 21 : 21", "q.has_cape ? -3 : -3"]
					}
				}
			}
		},
		"animation.shield.wield_off_hand_first_person_blocking": {
			"loop": "hold_on_last_frame",
			"animation_length": 0.1,
			"bones": {
				"shield": {
					"rotation": {
						"0.0": ["q.has_cape ? -90 : -90", "q.has_cape ? 110 : -110", "q.has_cape ? 150 : -150"],
						"0.1": ["q.has_cape ? -90 : -90", "q.has_cape ? 120 : -120", "q.has_cape ? 150 : -150"]
					},
					"position": {
						"0.0": ["q.has_cape ? 12 : -12", "q.has_cape ? 24 : 24", "q.has_cape ? 0 : 0"],
						"0.1": ["q.has_cape ? 14 : -14", "q.has_cape ? 21 : 21", "q.has_cape ? -3 : -3"]
					}
				}
			}
		},
		"animation.shield.wield_third_person": {
			"loop": true,
			"bones": {
				"shield": {
					"rotation": ["q.has_cape ? -90 : -90", "q.has_cape ? 0 : 0", "q.has_cape ? -450 : 450"],
					"position": ["c.item_slot == 'main_hand' ? -1.0 : -1.0", 9, 8.55],
					"scale": ["c.item_slot == 'main_hand' ? 1.0 : -1.0", -1, "c.item_slot == 'main_hand' ? -1.0 : 1.0"]
				}
			}
		}
	}
}
