{
	"format_version": "1.10.0",
	"animations": {
		"animation.spear.held_first_person": {
			"loop": true,
			"bones": {
				"rightitem": {
					"rotation": [
						0,
						0,
						"q.has_cape ? 20.0 + c.owning_entity->v.fp_melee_spear_use_attachable_rotation_z + c.owning_entity->v.fp_melee_spear_attack_attachable_rotation_z : -20.0 + c.owning_entity->v.fp_melee_spear_use_attachable_rotation_z + c.owning_entity->v.fp_melee_spear_attack_attachable_rotation_z"
					],
					"position": [0, "q.has_cape ? 24 : 24", "q.has_cape ? -27 : -27"],
					"scale": [0.6, 1, 1]
				}
			}
		},
		"animation.spear.held_third_person": {
			"loop": true,
			"bones": {
				"rightitem": {
					"rotation": [0, 0, "c.owning_entity->v.tp_melee_spear_use_attachable_rotation_z"],
					"position": ["-query.has_cape ? -0 : 0.5", 24, "-27.0 + c.owning_entity->v.tp_melee_spear_attack_attachable_position_z"],
					"scale": [0.6, 1, 1]
				}
			}
		},
		"animation.spear.hit": {
			"animation_length": 0.5,
			"bones": {
				"rightitem": {
					"position": {
						"0.0": [0, 0, 0],
						"0.05": [0, 0, 1.5],
						"0.1": [0, 0, 7.5],
						"0.2": [0, 0, 6],
						"0.5": [0, 0, 0]
					}
				}
			},
			"sound_effects": {
				"0.0": {
					"effect": "hit"
				}
			}
		}
	}
}
