{
	"format_version": "1.10.0",
	"animations": {
		"animation.spyglass.holding": {
			"loop": true,
			"bones": {
				"spyglass": {
					"rotation": [
						"c.is_first_person ? (q.has_cape ? 85.0 : 85.0) : -90.0",
						"c.is_first_person ? (q.has_cape ? -25.0 : 25.0) : 90.0",
						"c.is_first_person ? (q.has_cape ? 214.0 : -214.0) : 0.0"
					],
					"position": [
						"c.is_first_person ? (q.has_cape ? -6.0 : -6.0) : -0.5",
						"c.is_first_person ? (q.has_cape ? 28.0 : 24.0) : 22.0",
						"c.is_first_person ? (q.has_cape ? -1.0 : -1.0) : -7.0"
					]
				}
			}
		},
		"animation.spyglass.scoping": {
			"loop": true,
			"bones": {
				"spyglass": {
					"rotation": [0, -90, 0],
					"position": ["q.has_cape ? 2 : 0", "q.has_cape ? 27 : 27", "q.has_cape ? -3 : -3"]
				}
			}
		}
	}
}
