{
	"format_version": "1.8.0",
	"animations": {
		"animation.sword.1st": {
			"loop": true,
			"bones": {
				"rightitem": {
					"rotation": ["q.has_cape ? -37 : -37", "q.has_cape ? -60 : 60", "q.has_cape ? 63 : -63"],
					"position": ["q.has_cape ? 5.5 : -5.5", "q.has_cape ? 30.5 : 30.5", "q.has_cape ? -3 : -3"],
					"scale": 0.45
				}
			}
		},
		"animation.sword.3rd": {
			"loop": true,
			"bones": {
				"rightitem": {
					"rotation": [0, 0, 7.5],
					"position": ["q.has_cape ? -1 : 0", 25, -1]
				}
			}
		},
		"animation.sword.1st_fishing_rod": {
			"loop": true,
			"bones": {
				"rightitem": {
					"rotation": ["q.has_cape ? 25.5 : 25.5", "q.has_cape ? 68.5 : -68.5", "q.has_cape ? -96.9 : 96.9"],
					"position": ["q.has_cape ? -2 : 2", "q.has_cape ? 27 : 27", "q.has_cape ? 2 : 2"],
					"scale": 0.8
				}
			}
		},
		"animation.sword.3rd_fishing_rod": {
			"loop": true,
			"bones": {
				"rightitem": {
					"rotation": ["q.has_cape ? 10 : 10", "q.has_cape ? 0 : 0", "q.has_cape ? -187.5 : 187.5"],
					"position": ["q.has_cape ? 0 : 0", "q.has_cape ? 19 : 19", "q.has_cape ? -1 : -1"]
				}
			}
		},
		"animation.sword.1st_item": {
			"loop": true,
			"bones": {
				"rightitem": {
					"rotation": ["q.has_cape ? -37 : -37", "q.has_cape ? -60 : 60", "q.has_cape ? -63 : 63"],
					"position": ["q.has_cape ? 5.5 : -5.5", "q.has_cape ? 31.2 : 31.2", "q.has_cape ? -4.5 : -4.5"],
					"scale": 0.45
				}
			}
		},
		"animation.sword.3rd_item": {
			"loop": true,
			"bones": {
				"rightitem": {
					"rotation": ["q.has_cape ? -370 : -370", "q.has_cape ? 10 : -10", "q.has_cape ? 90 : -90"],
					"position": ["q.has_cape ? -2 : 2", "q.has_cape ? 22.0 : 22.0", "q.has_cape ? -1.5 : -1.5"],
					"scale": 0.55
				}
			}
		},
		"animation.sword.3rd_brush": {
			"loop": true,
			"bones": {
				"rightitem": {
					"rotation": [10, 0, -80],
					"position": [-2.5, 20, -2]
				}
			}
		},
		"animation.sword.1st_brush_using": {
			"loop": true,
			"bones": {
				"rightitem": {
					"rotation": [-54.04751, -109.70195, 66.37796],
					"position": [0, 25, 2],
					"scale": 0.8
				}
			}
		},
		"animation.1st_complex_items.1st_item_main": {
			"loop": true,
			"bones": {
				"leftitem": {
					"rotation": [-8.42408, 61.49321, -41.14712],
					"position": [1.26535, 37.00552, -19.02604]
				}
			}
		},
		"animation.3rd_complex_items.3rd_item_main": {
			"loop": true,
			"bones": {
				"rightitem": {
					"rotation": [-54.99969, 0.82083, -85.57901],
					"position": [13, 23, -3],
					"scale": 0.5
				}
			}
		}
	}
}
