{
	"format_version": "1.10.0",
	"animations": {
		"animation.trident.wield_first_person": {
			"loop": true,
			"bones": {
				"pole": {
					"rotation": ["q.has_cape ? 152 : 152", "q.has_cape ? 9 : -9", "q.has_cape ? -25 : 25"],
					"position": [
						"q.has_cape ? 4 : -4",
						"q.has_cape ? -3 : -3",
						"q.has_cape ? -2 : -2"
					]
				}
			}
		},
		"animation.trident.wield_first_person_raise": {
			"loop": true,
			"bones": {
				"pole": {
					"rotation": ["q.has_cape ? 30 : 30", "q.has_cape ? 20 : -20", "q.has_cape ? 65 : -65"],
					"position": [
						"q.has_cape ? (-6.0 + (variable.charge_amount <= 0.25 ? math.lerp(0.0, 6.5, variable.charge_amount * 4.0) : 6.5) + (variable.charge_amount > 0.25 ? math.lerp(0.0, 4.0, (variable.charge_amount - 0.25) * 1.33) : 0.0)) : (6.0 + (variable.charge_amount <= 0.25 ? math.lerp(0.0, -6.5, variable.charge_amount * 4.0) : -6.5) + (variable.charge_amount > 0.25 ? math.lerp(0.0, -4.0, (variable.charge_amount - 0.25) * 1.33) : 0.0))",
						"q.has_cape ? (-3.0 + (variable.charge_amount <= 0.25 ? math.lerp(0.0, -3.0, variable.charge_amount * 4.0) : -3.0) + (variable.charge_amount > 0.25 ? math.lerp(0.0, 3.0, (variable.charge_amount - 0.25) * 1.33) : 0.0)) : (-3.0 + (variable.charge_amount <= 0.25 ? math.lerp(0.0, -3.0, variable.charge_amount * 4.0) : -3.0) + (variable.charge_amount > 0.25 ? math.lerp(0.0, 3.0, (variable.charge_amount - 0.25) * 1.33) : 0.0))",
						"q.has_cape ? (8.0 + (variable.charge_amount <= 0.25 ? math.lerp(0.0, -16.5, variable.charge_amount * 4.0) : -16.5) + (variable.charge_amount > 0.25 ? math.lerp(0.0, 0.0, (variable.charge_amount - 0.25) * 1.33) : 0.0)) : (8.0 + (variable.charge_amount <= 0.25 ? math.lerp(0.0, -16.5, variable.charge_amount * 4.0) : -16.5) + (variable.charge_amount > 0.25 ? math.lerp(0.0, 0.0, (variable.charge_amount - 0.25) * 1.33) : 0.0))"
					]
				}
			}
		},
		"animation.trident.wield_first_person_riptide": {
			"loop": true,
			"override_previous_animation": true,
			"bones": {
				"pole": {
					"rotation": ["q.has_cape ? 180 : 180", "q.has_cape ? -60 : 60", "q.has_cape ? 36 : -36"],
					"position": ["q.has_cape ? 2 : -2", "q.has_cape ? -7 : -7", "q.has_cape ? -10 : -10"]
				}
			}
		},
		"animation.trident.wield_third_person": {
			"loop": true,
			"bones": {
				"pole": {
					"rotation": ["q.has_cape ? 97 : 97", "q.has_cape ? 1.5 : -1.5", "q.has_cape ? 49 : -49"],
					"position": ["q.has_cape ? -1 : 1", "q.has_cape ? -2 : -2", "q.has_cape ? -12 : -12"]
				}
			}
		},
		"animation.trident.wield_third_person_raise": {
			"loop": true,
			"bones": {
				"pole": {
					"rotation": ["q.has_cape ? -7 : -7", "q.has_cape ? -180 : 180", "q.has_cape ? 40 : -40"],
					"position": ["q.has_cape ? 0.7 : -0.7", "q.has_cape ? 0 : 0", "q.has_cape ? 17.5 : 17.5"]
				}
			}
		}
	}
}
