{
    "format_version": "1.19.0",
    "animation_controllers": {
        "controller.animation.low_taper_fade_chicken.movement": {
            "initial_state": "default",
            "states": {
                "default": {
                    "animations": [
                        "idle"
                    ],
                    "transitions": [
                        { "sneak": "query.is_sneaking" },
                        { "jump": "query.is_jumping" },
                        { "emote": "query.is_emoting" },
                        { "random_bonk": "query.time_stamp % 30 == 0" }
                    ]
                },
                "sneak": {
                    "animations": [
                        "sit"
                    ],
                    "transitions": [
                        { "unsneak": "!query.is_sneaking" }
                    ]
                },
                "unsneak": {
                    "animations": [
                        "unsit"
                    ],
                    "transitions": [
                        { "default": "true" }
                    ]
                },
                "jump": {
                    "animations": [
                        "jump"
                    ],
                    "transitions": [
                        { "default": "!query.is_jumping" }
                    ]
                },
                "emote": {
                    "animations": [
                        "distinctive dance"
                    ],
                    "transitions": [
                        { "default": "!query.is_emoting" }
                    ]
                },
                "random_bonk": {
                    "animations": [
                        { "bonk": "Math.random(1)" },
                        { "bonk bonk": "Math.random(1) < 0.33" },
                        { "bonk bonk bonk": "Math.random(1) < 0.16" }
                    ],
                    "transitions": [
                        { "default": "true" }
                    ]
                }
            }
        }
    }
}
